accuracy_mean,accuracy_std,amp_enabled_max,amp_enabled_mean,auroc_macro_mean,auroc_macro_std,auroc_mean,auroc_std,auroc_weighted_mean,auroc_weighted_std,balanced_accuracy_mean,balanced_accuracy_std,batch_size_max,batch_size_mean,category,circuit_depth,command,comparison_group,data_fraction,dataset,ece_mean,ece_std,entanglement,eval_time_sec_mean,eval_time_sec_std,experiment_id,experiment_name,explainability_level,explainability_method,explainability_note,f1_mean,f1_std,has_calibration,has_confusion_matrix,has_epoch_times,has_gradcam,has_hybrid_runtime,has_lr_schedule,has_pr,has_predictions,has_retina_saliency,has_roc,has_training_curves,has_tsne,inference_time_sec_max,inference_time_sec_mean,is_hybrid,linear_kappa_mean,linear_kappa_std,loss_mean,loss_std,macro_f1_mean,macro_f1_std,macro_precision_mean,macro_precision_std,macro_recall_mean,macro_recall_std,mcc_mean,mcc_std,mean_epoch_time_sec_max,mean_epoch_time_sec_mean,modality,model,model_declared,model_params_max,model_params_mean,model_type,n_qubits,pr_auc_mean,pr_auc_std,precision_mean,precision_std,primary_metric,primary_metric_mean,primary_metric_per_hour,primary_metric_std,priority,qwk_mean,qwk_std,recall_mean,recall_std,results_file,seed_count,sensitivity_mean,sensitivity_std,specificity_mean,specificity_std,task,task_declared,time_mean,time_std,total_epochs_run_max,total_epochs_run_mean,total_training_time_sec_max,total_training_time_sec_mean,weighted_f1_mean,weighted_f1_std
0.6921052631578947,0.02331584887719651,,,,,0.7982189628077527,0.0049628996468630395,,,0.7104941505151039,0.020965525261164394,,,classical_graph,,python molecule/classical/train_graph.py --model gat --dataset bace --epochs 100 --patience 15 --use-amp --num-workers 0 --seed 42,classical,1.0,molecule,0.05968388915061951,0.009629769046445195,,,,mol_gat_bace,mol_gat_bace,graph_global,embedding and graph-level diagnostics,Su anda atom/bond attribution yok; global grafik seviyesinde yorum var.,0.7288525836943522,0.013883542575308579,True,True,False,False,False,False,True,True,False,True,True,False,,,False,,,0.5897745132446289,0.017025489276870344,,,,,,,0.4496348541096828,0.03445681254301904,,,molecule,gat,gat,,,classical,,0.7447621042558964,0.007739944562992523,0.6081988162755249,0.02069194298654365,auroc,0.7982189628077527,,0.0049628996468630395,1,,,0.9101449275362319,0.01084538372977954,results_v2\tables\mol_gat_bace_aggregated.json,5,0.9101449275362319,0.01084538372977954,0.5108433734939759,0.04734188603467108,bace,binary,,,,,,,,
0.8862745098039216,0.012555145563593823,,,,,0.916880341880342,0.005072395973254597,,,0.7828525641025641,0.01920404125505801,,,classical_graph,,python molecule/classical/train_graph.py --model gat --dataset bbbp --epochs 100 --patience 15 --use-amp --num-workers 0 --seed 42,classical,1.0,molecule,0.0488543885011299,0.006577637133939511,,,,mol_gat_bbbp,mol_gat_bbbp,graph_global,embedding and graph-level diagnostics,Su anda atom/bond attribution yok; global grafik seviyesinde yorum var.,0.9293595767844408,0.007763310571643086,True,True,False,False,False,False,True,True,False,True,True,False,,,False,,,0.29126699566841124,0.007599431120801417,,,,,,,0.6633316418814461,0.040390272912516005,,,molecule,gat,gat,,,classical,,0.9615872446181488,0.0060847208565001955,0.8851914879280469,0.008692928168865754,auroc,0.916880341880342,,0.005072395973254597,1,,,0.9782051282051281,0.008695294850160592,results_v2\tables\mol_gat_bbbp_aggregated.json,5,0.9782051282051281,0.008695294850160592,0.5875,0.03333333333333334,bbbp,binary,,,,,,,,
0.6297297297297298,0.06802547539812552,,,,,0.8191108161911081,0.041415700123919943,,,0.7498341074983411,0.06732374744232444,,,classical_graph,,python molecule/classical/train_graph.py --model gat --dataset clintox --epochs 100 --patience 15 --use-amp --num-workers 0 --seed 42,classical,1.0,molecule,0.6971083541979661,0.07642654909008846,,,,mol_gat_clintox,mol_gat_clintox,graph_global,embedding and graph-level diagnostics,Su anda atom/bond attribution yok; global grafik seviyesinde yorum var.,0.25995887100270615,0.0244208234322723,True,True,False,False,False,False,True,True,False,True,True,False,,,False,,,1.295356559753418,0.07589429357840345,,,,,,,0.26714539469983334,0.06257807806432229,,,molecule,gat,gat,,,classical,,0.23096922956426189,0.012713180758943413,0.15380364586334733,0.009699936515722058,auroc,0.8191108161911081,,0.041415700123919943,1,,,0.8909090909090909,0.2181818181818182,results_v2\tables\mol_gat_clintox_aggregated.json,5,0.8909090909090909,0.2181818181818182,0.6087591240875913,0.09006246315437771,clintox,binary,,,,,,,,
0.7342105263157895,0.07531098958554837,,,,,0.8360048891217042,0.03510193018372351,,,0.7402479483149991,0.06359805895492868,,,classical_graph,,python molecule/classical/train_graph.py --model gnn --dataset bace --epochs 100 --patience 15 --use-amp --num-workers 0 --seed 42,classical,1.0,molecule,0.06156307490248429,0.023815395498828378,,,,mol_gnn_bace,mol_gnn_bace,graph_global,embedding and graph-level diagnostics,Su anda atom/bond attribution yok; global grafik seviyesinde yorum var.,0.7377846657823,0.03526443155315676,True,True,False,False,False,False,True,True,False,True,True,False,,,False,,,0.5113220155239105,0.07350786307198562,,,,,,,0.49251186315669837,0.10096187545540922,,,molecule,gnn,gnn,,,classical,,0.7833440021378899,0.04353648990713503,0.6945198962118304,0.08604610493415435,auroc,0.8360048891217042,,0.03510193018372351,1,,,0.8057971014492752,0.07194013707820787,results_v2\tables\mol_gnn_bace_aggregated.json,5,0.8057971014492752,0.07194013707820787,0.674698795180723,0.19322236334197068,bace,binary,,,,,,,,
0.5407894736842105,0.03707632316738256,,,,,0.6428496595075956,0.019790377165854828,,,0.5416273790815436,0.02932648698900624,,,classical_ablation,,python molecule/classical/train_graph.py --model gnn --dataset bace --data-fraction 0.1 --epochs 100 --patience 15 --use-amp --num-workers 0 --seed 42,classical,0.1,molecule,0.06456870805276067,0.02930083641053923,,,,mol_gnn_bace_frac0.1,mol_gnn_bace_frac0.1,graph_global,embedding and graph-level diagnostics,Su anda atom/bond attribution yok; global grafik seviyesinde yorum var.,0.4080864526819655,0.27328814217825426,True,True,False,False,False,False,True,True,False,True,True,False,,,False,,,0.6854682803153992,0.008688701354524684,,,,,,,0.14499329329989466,0.0820032068120465,,,molecule,gnn,gnn,,,classical,,0.5847555642522775,0.04198079354353999,0.4939489032985147,0.3166392623795966,auroc,0.6428496595075956,,0.019790377165854828,2,,,0.5507246376811594,0.4266879326773369,results_v2\tables\mol_gnn_bace_frac0.1_aggregated.json,5,0.5507246376811594,0.4266879326773369,0.5325301204819277,0.4021570522478334,bace,binary,,,,,,,,
0.6092105263157894,0.08117472007993252,,,,,0.7210057621791515,0.03031697987989486,,,0.6326348873755893,0.06993915809204358,,,classical_ablation,,python molecule/classical/train_graph.py --model gnn --dataset bace --data-fraction 0.25 --epochs 100 --patience 15 --use-amp --num-workers 0 --seed 42,classical,0.25,molecule,0.09054271186652937,0.034214783300471834,,,,mol_gnn_bace_frac0.25,mol_gnn_bace_frac0.25,graph_global,embedding and graph-level diagnostics,Su anda atom/bond attribution yok; global grafik seviyesinde yorum var.,0.676681237408193,0.03257925308107523,True,True,False,False,False,False,True,True,False,True,True,False,,,False,,,0.6483914136886597,0.031020404312428248,,,,,,,0.2983985535033836,0.11960580560266283,,,molecule,gnn,gnn,,,classical,,0.6632742363638128,0.027578655613996347,0.5535782544774125,0.06316648903537071,auroc,0.7210057621791515,,0.03031697987989486,2,,,0.8869565217391304,0.05605530320525716,results_v2\tables\mol_gnn_bace_frac0.25_aggregated.json,5,0.8869565217391304,0.05605530320525716,0.3783132530120482,0.19286142461459027,bace,binary,,,,,,,,
0.6526315789473683,0.04769623410629437,,,,,0.7654269250916711,0.01879767092914994,,,0.6692159944124323,0.0370254348011522,,,classical_ablation,,python molecule/classical/train_graph.py --model gnn --dataset bace --data-fraction 0.5 --epochs 100 --patience 15 --use-amp --num-workers 0 --seed 42,classical,0.5,molecule,0.06471851107321287,0.01844293888233166,,,,mol_gnn_bace_frac0.5,mol_gnn_bace_frac0.5,graph_global,embedding and graph-level diagnostics,Su anda atom/bond attribution yok; global grafik seviyesinde yorum var.,0.6898399845768267,0.015335881758576541,True,True,False,False,False,False,True,True,False,True,True,False,,,False,,,0.6143251657485962,0.03979027553401954,,,,,,,0.3692360349125322,0.05895040540860537,,,molecule,gnn,gnn,,,classical,,0.7059351280924225,0.010922565357315527,0.593163821779067,0.06713891606312564,auroc,0.7654269250916711,,0.01879767092914994,2,,,0.8492753623188406,0.09639587912067184,results_v2\tables\mol_gnn_bace_frac0.5_aggregated.json,5,0.8492753623188406,0.09639587912067184,0.48915662650602404,0.16103165731666141,bace,binary,,,,,,,,
0.9088235294117647,0.008546860673609134,,,,,0.9434027777777777,0.006243033410046749,,,0.8538461538461538,0.013726034041899897,,,classical_graph,,python molecule/classical/train_graph.py --model gnn --dataset bbbp --epochs 100 --patience 15 --use-amp --num-workers 0 --seed 42,classical,1.0,molecule,0.08559390259724038,0.015088595998710206,,,,mol_gnn_bbbp,mol_gnn_bbbp,graph_global,embedding and graph-level diagnostics,Su anda atom/bond attribution yok; global grafik seviyesinde yorum var.,0.9413548331786243,0.005876624046065039,True,True,False,False,False,False,True,True,False,True,True,False,,,False,,,0.2758891016244888,0.024715253993005094,,,,,,,0.7401418166175215,0.02313447943908958,,,molecule,gnn,gnn,,,classical,,0.9653966671379303,0.0025491692067865193,0.9258559005142477,0.009333458058012027,auroc,0.9434027777777777,,0.006243033410046749,1,,,0.9576923076923076,0.016518075290673232,results_v2\tables\mol_gnn_bbbp_aggregated.json,5,0.9576923076923076,0.016518075290673232,0.75,0.0372677996249965,bbbp,binary,,,,,,,,
0.8094594594594595,0.09238737640614708,,,,,0.8152621101526212,0.05519626211530492,,,0.7298606502986065,0.08250270260147471,,,classical_graph,,python molecule/classical/train_graph.py --model gnn --dataset clintox --epochs 100 --patience 15 --use-amp --num-workers 0 --seed 42,classical,1.0,molecule,0.733305027758753,0.08945947719582753,,,,mol_gnn_clintox,mol_gnn_clintox,graph_global,embedding and graph-level diagnostics,Su anda atom/bond attribution yok; global grafik seviyesinde yorum var.,0.3402100489318534,0.06137618273727031,True,True,False,False,False,False,True,True,False,True,True,False,,,False,,,1.0340375900268555,0.054849101526074924,,,,,,,0.3163002976893974,0.0741534863455996,,,molecule,gnn,gnn,,,classical,,0.28993129338729184,0.053289371808303544,0.2652607965576953,0.07669346104445415,auroc,0.8152621101526212,,0.05519626211530492,1,,,0.6363636363636364,0.2370619056437327,results_v2\tables\mol_gnn_clintox_aggregated.json,5,0.6363636363636364,0.2370619056437327,0.8233576642335766,0.11386861313868613,clintox,binary,,,,,,,,
0.9697368421052632,0.007894736842105272,1.0,1.0,,,0.9904662126767942,0.0033324729703047974,,,0.9703335079448226,0.008314221002376318,256.0,256.0,classical_descriptor,,python molecule/classical/train_descriptor.py --model mlp --dataset bace --epochs 100 --patience 15 --use-amp --num-workers 0 --seed 42,classical,1.0,molecule,0.02340780622080752,0.007522175105300499,,,,mol_mlp_bace,mol_mlp_bace,descriptor_global,descriptor importance / metrics,Descriptor tabanli yapilar icin kararlar descriptor uzayinda yorumlanir.,0.9669662129421612,0.008719152626613231,True,True,False,False,False,False,True,True,False,True,True,False,0.00844717025756836,0.007197713851928711,False,,,0.11204504519701004,0.019403241846285786,,,,,,,0.9393318994192208,0.01609336785291739,0.05199265877405802,0.04235467675167788,molecule,mlp,mlp,691074.0,691074,classical,,0.9849370644037801,0.00651936276089192,0.9574556031843233,0.00866988896372117,auroc,0.9904662126767942,2033.2680189116697,0.0033324729703047974,1,,,0.9768115942028984,0.014779766706066044,results_v2\tables\mol_mlp_bace_aggregated.json,5,0.9768115942028984,0.014779766706066044,0.9638554216867469,0.007619946169080457,bace,binary,,,60.0,40.2,3.1195595264434814,1.7536686420440675,,
0.7486842105263158,0.043719072962726695,1.0,1.0,,,0.8267679413305394,0.050116095279057506,,,0.7425004365287236,0.04165329906013855,256.0,256.0,classical_ablation,,python molecule/classical/train_descriptor.py --model mlp --dataset bace --data-fraction 0.1 --epochs 100 --patience 15 --use-amp --num-workers 0 --seed 42,classical,0.1,molecule,0.16287002226239758,0.029101210554570257,,,,mol_mlp_bace_frac0.1,mol_mlp_bace_frac0.1,descriptor_global,descriptor importance / metrics,Descriptor tabanli yapilar icin kararlar descriptor uzayinda yorumlanir.,0.7102770504882665,0.042271756124160106,True,True,False,False,False,False,True,True,False,True,True,False,0.006739377975463867,0.006176280975341797,False,,,0.6077673971652985,0.08668878182945058,,,,,,,0.4936155531415822,0.09012050339412854,0.023902018864949543,0.01766997811740531,molecule,mlp,mlp,691074.0,691074,classical,,0.8004867544140272,0.049548563310180885,0.753052938347056,0.0744978153891,auroc,0.8267679413305394,4920.623344263959,0.050116095279057506,2,,,0.6753623188405797,0.037345213700652545,results_v2\tables\mol_mlp_bace_frac0.1_aggregated.json,5,0.6753623188405797,0.037345213700652545,0.8096385542168674,0.07041753829495159,bace,binary,,,54.0,35.6,0.8663768768310547,0.6048755168914794,,
0.8236842105263158,0.016850326940612777,1.0,1.0,,,0.8892439322507422,0.023559458043078355,,,0.8197310983062686,0.016528469399770707,256.0,256.0,classical_ablation,,python molecule/classical/train_descriptor.py --model mlp --dataset bace --data-fraction 0.25 --epochs 100 --patience 15 --use-amp --num-workers 0 --seed 42,classical,0.25,molecule,0.0955081146014364,0.03591756661517315,,,,mol_mlp_bace_frac0.25,mol_mlp_bace_frac0.25,descriptor_global,descriptor importance / metrics,Descriptor tabanli yapilar icin kararlar descriptor uzayinda yorumlanir.,0.8000936685147211,0.017998402895515745,True,True,False,False,False,False,True,True,False,True,True,False,0.007199764251708984,0.006250333786010742,False,,,0.4840197443962097,0.09659593454230911,,,,,,,0.6436661082658219,0.03423232443091116,0.024735218948788114,0.021167080898424645,molecule,mlp,mlp,691074.0,691074,classical,,0.8472247161844816,0.022213706672446917,0.8249774531024532,0.024154939097801437,auroc,0.8892439322507422,4693.596782439524,0.023559458043078355,2,,,0.7768115942028985,0.014779766706066044,results_v2\tables\mol_mlp_bace_frac0.25_aggregated.json,5,0.7768115942028985,0.014779766706066044,0.8626506024096384,0.021006741896581548,bace,binary,,,45.0,32.0,0.9256505966186523,0.6820522308349609,,
0.8578947368421053,0.018885131703167538,1.0,1.0,,,0.9188231185612012,0.020347476189686325,,,0.8579011698969792,0.0183417380823154,256.0,256.0,classical_ablation,,python molecule/classical/train_descriptor.py --model mlp --dataset bace --data-fraction 0.5 --epochs 100 --patience 15 --use-amp --num-workers 0 --seed 42,classical,0.5,molecule,0.1056478324689363,0.032661836049800316,,,,mol_mlp_bace_frac0.5,mol_mlp_bace_frac0.5,descriptor_global,descriptor importance / metrics,Descriptor tabanli yapilar icin kararlar descriptor uzayinda yorumlanir.,0.845841219253885,0.019510467425220984,True,True,False,False,False,False,True,True,False,True,True,False,0.0065021514892578125,0.006011152267456054,False,,,0.5038479626178741,0.1401453292897313,,,,,,,0.7148283867975792,0.03753410636117679,0.030857086181640625,0.026429792076869893,molecule,mlp,mlp,691074.0,691074,classical,,0.8909920477135396,0.01863126546258089,0.834672432121604,0.0291204064835102,auroc,0.9188231185612012,3695.8144772218175,0.020347476189686325,2,,,0.8579710144927535,0.021299910806810252,results_v2\tables\mol_mlp_bace_frac0.5_aggregated.json,5,0.8579710144927535,0.021299910806810252,0.8578313253012049,0.028915662650602397,bace,binary,,,47.0,34.2,1.1577229499816895,0.8950025081634522,,
0.8558823529411764,0.03636713135488509,1.0,1.0,,,0.9563835470085472,0.010716546249479847,,,0.6951923076923077,0.07970658305300468,256.0,256.0,classical_descriptor,,python molecule/classical/train_descriptor.py --model mlp --dataset bbbp --epochs 100 --patience 15 --use-amp --num-workers 0 --seed 42,classical,1.0,molecule,0.15331020279257906,0.09565638408532381,,,,mol_mlp_bbbp,mol_mlp_bbbp,descriptor_global,descriptor importance / metrics,Descriptor tabanli yapilar icin kararlar descriptor uzayinda yorumlanir.,0.9142588673901064,0.020054539089222636,True,True,False,False,False,False,True,True,False,True,True,False,0.008717775344848633,0.007190561294555664,False,,,0.38246684074401854,0.12993975201479482,,,,,,,0.5623590811987628,0.12213833476965016,0.05542104774051242,0.04975517961714003,molecule,mlp,mlp,691074.0,691074,classical,,0.9780437312160519,0.008485570426267328,0.8437504218230993,0.036278906655807845,auroc,0.9563835470085472,3931.8174277652106,0.010716546249479847,1,,,0.9987179487179487,0.002564102564102555,results_v2\tables\mol_mlp_bbbp_aggregated.json,5,0.9987179487179487,0.002564102564102555,0.39166666666666666,0.1615893285805443,bbbp,binary,,,20.0,17.6,0.9975788593292236,0.8756715774536132,,
0.12162162162162163,0.09459459459459459,1.0,1.0,,,0.8801592568015926,0.018883668141483394,,,0.5255474452554745,0.05109489051094891,256.0,256.0,classical_descriptor,,python molecule/classical/train_descriptor.py --model mlp --dataset clintox --epochs 100 --patience 15 --use-amp --num-workers 0 --seed 42,classical,1.0,molecule,0.16192694080842507,0.10900660494020874,,,,mol_mlp_clintox,mol_mlp_clintox,descriptor_global,descriptor importance / metrics,Descriptor tabanli yapilar icin kararlar descriptor uzayinda yorumlanir.,0.146175694867113,0.015621829985798343,True,True,False,False,False,False,True,True,False,True,True,False,0.007999658584594727,0.0070002079010009766,False,,,0.6209250211715698,0.06224816837340315,,,,,,,0.03153993943968793,0.06307987887937586,0.11296687406652114,0.10459176746904016,molecule,mlp,mlp,691074.0,691074,classical,,0.38087788865578925,0.048530728796036336,0.07892848600813203,0.0092083233676154,auroc,0.8801592568015926,1723.5010610371266,0.018883668141483394,1,,,1.0,0.0,results_v2\tables\mol_mlp_clintox_aggregated.json,5,1.0,0.0,0.05109489051094891,0.10218978102189782,clintox,binary,,,21.0,17.6,2.162961483001709,1.838451623916626,,
0.4855263157894737,0.02440425919867289,,,,,0.607298760258425,0.11421828566556501,,,0.5259821896280775,0.02108086471693001,,,quantum_graph,2,python molecule/quantum/graph/train_qgnn.py --dataset bace --n-qubits 4 --circuit-depth 2 --batch-size 32 --epochs 60 --lr 1e-3 --patience 15 --seed 42,pure_quantum,1.0,molecule,0.06495193321453899,0.040352520717053815,full,,,mol_qgnn_bace,mol_qgnn_bace_q4_d2_full,graph_global,embedding and graph-level diagnostics,Su anda atom/bond attribution yok; global grafik seviyesinde yorum var.,0.6302113872415209,0.009015297552530607,False,False,False,False,False,False,False,False,False,False,False,False,,,False,,,0.6952367782592773,0.00875373605294712,,,,,,,0.09339467711121234,0.06690187140029358,,,molecule,qgnn,qgnn,,,quantum,4,0.5464738156398536,0.0868204189762201,0.46816234576830906,0.011687382056248573,auroc,0.607298760258425,,0.11421828566556501,3,,,0.9652173913043478,0.026880053610132484,results_v2\tables\mol_qgnn_bace_q4_d2_full_aggregated.json,5,0.9652173913043478,0.026880053610132484,0.08674698795180724,0.06067314849163456,bace,binary,,,,,,,,
0.9009803921568628,0.009998077477632905,,,,,0.8995459401709403,0.03256722815018752,,,0.8285256410256411,0.026107535041254057,,,quantum_graph,2,python molecule/quantum/graph/train_qgnn.py --dataset bbbp --n-qubits 4 --circuit-depth 2 --batch-size 32 --epochs 60 --lr 1e-3 --patience 15 --seed 42,pure_quantum,1.0,molecule,0.062348177678444805,0.017772366339553845,full,,,mol_qgnn_bbbp,mol_qgnn_bbbp_q4_d2_full,graph_global,embedding and graph-level diagnostics,Su anda atom/bond attribution yok; global grafik seviyesinde yorum var.,0.9371881082138158,0.0058698516641170735,False,False,False,False,False,False,False,False,False,False,False,False,,,False,,,0.2944569494043078,0.027238871089703964,,,,,,,0.712304354514604,0.03210621329298067,,,molecule,qgnn,qgnn,,,quantum,4,0.9467324851220358,0.019414624860928754,0.910887466727085,0.015032668790087021,auroc,0.8995459401709403,,0.03256722815018752,3,,,0.9653846153846153,0.011176663957796594,results_v2\tables\mol_qgnn_bbbp_q4_d2_full_aggregated.json,5,0.9653846153846153,0.011176663957796592,0.6916666666666667,0.059511903571190426,bbbp,binary,,,,,,,,
0.6756756756756757,0.2596564567454151,,,,,0.7581950895819508,0.13498429737718382,,,0.7077637690776377,0.13734238509133861,,,quantum_graph,2,python molecule/quantum/graph/train_qgnn.py --dataset clintox --n-qubits 4 --circuit-depth 2 --batch-size 32 --epochs 60 --lr 1e-3 --patience 15 --seed 42,pure_quantum,1.0,molecule,0.7011805465897998,0.1754961352368386,full,,,mol_qgnn_clintox,mol_qgnn_clintox_q4_d2_full,graph_global,embedding and graph-level diagnostics,Su anda atom/bond attribution yok; global grafik seviyesinde yorum var.,0.282864693376903,0.10059319464796869,False,False,False,False,False,False,False,False,False,False,False,False,,,False,,,1.211514015197754,0.23061947311153694,,,,,,,0.2599208760124153,0.1403322225717629,,,molecule,qgnn,qgnn,,,quantum,4,0.22308357900024062,0.09564395244119656,0.1903293093536996,0.05968641260890875,auroc,0.7581950895819508,,0.13498429737718382,3,,,0.7454545454545454,0.3117532399905863,results_v2\tables\mol_qgnn_clintox_q4_d2_full_aggregated.json,5,0.7454545454545454,0.3117532399905863,0.6700729927007298,0.29456511641868216,clintox,binary,,,,,,,,
0.65,0.02677235519654712,,,,,0.6570281124497992,0.1983267520959597,,,0.6445608521040684,0.032375409336261374,,,quantum_data_ablation,2,python molecule/quantum/descriptor/train_qsvm.py --dataset bace --n-qubits 8 --circuit-depth 2 --entanglement full --max-kernel-samples 256 --data-fraction 0.1 --seed 42,pure_quantum,0.1,molecule,0.0902108565405483,0.021519953768175434,full,0.7487999999999999,0.044237540618800225,mol_qsvm_bace_frac0.1,mol_qsvm_bace_frac0.1_q8_d2_full,descriptor_global,descriptor importance / metrics,Descriptor tabanli yapilar icin kararlar descriptor uzayinda yorumlanir.,0.5679829605428527,0.14107995866326636,False,False,False,False,False,False,False,False,False,False,False,False,,,False,,,,,,,,,,,0.3348011553214578,0.033387774443429545,,,molecule,qsvm,qsvm,,,quantum,8,0.6562972714569086,0.1613968815594344,0.701745382513286,0.1454573755184922,auroc,0.6570281124497992,,0.1983267520959597,5,,,0.5855072463768116,0.25935146038571055,results_v2\tables\mol_qsvm_bace_frac0.1_q8_d2_full_aggregated.json,5,0.5855072463768116,0.25935146038571055,0.7036144578313253,0.2224972089347239,bace,binary,,,,,,,,
0.7407894736842106,0.03102585821724106,,,,,0.8246551423083639,0.013916174211563303,,,0.7416273790815435,0.02767322741081977,,,quantum_data_ablation,2,python molecule/quantum/descriptor/train_qsvm.py --dataset bace --n-qubits 8 --circuit-depth 2 --entanglement full --max-kernel-samples 256 --data-fraction 0.25 --seed 42,pure_quantum,0.25,molecule,0.10475018914916161,0.025280077113844494,full,1.1532,0.06334161349381619,mol_qsvm_bace_frac0.25,mol_qsvm_bace_frac0.25_q8_d2_full,descriptor_global,descriptor importance / metrics,Descriptor tabanli yapilar icin kararlar descriptor uzayinda yorumlanir.,0.7246536686293046,0.025998976702051802,False,False,False,False,False,False,False,False,False,False,False,False,,,False,,,,,,,,,,,0.48542774197088684,0.05476844663642685,,,molecule,qsvm,qsvm,,,quantum,8,0.830470615410753,0.013588959798257983,0.7059180646463172,0.051322804607124954,auroc,0.8246551423083639,,0.013916174211563303,5,,,0.7507246376811594,0.05530082327054757,results_v2\tables\mol_qsvm_bace_frac0.25_q8_d2_full_aggregated.json,5,0.7507246376811593,0.05530082327054757,0.7325301204819277,0.08114437706256739,bace,binary,,,,,,,,
0.6960526315789474,0.02544615737607069,,,,,0.8032652348524533,0.013530711803827573,,,0.7035969966823817,0.021385238761683894,,,quantum_data_ablation,2,python molecule/quantum/descriptor/train_qsvm.py --dataset bace --n-qubits 8 --circuit-depth 2 --entanglement full --max-kernel-samples 256 --data-fraction 0.5 --seed 42,pure_quantum,0.5,molecule,0.07465034551248369,0.020373651640574628,full,1.1392,0.032164576788759364,mol_qsvm_bace_frac0.5,mol_qsvm_bace_frac0.5_q8_d2_full,descriptor_global,descriptor importance / metrics,Descriptor tabanli yapilar icin kararlar descriptor uzayinda yorumlanir.,0.7013304023199096,0.014687897826593141,False,False,False,False,False,False,False,False,False,False,False,False,,,False,,,,,,,,,,,0.411113872492012,0.03634664521727744,,,molecule,qsvm,qsvm,,,quantum,8,0.7977684907959697,0.01822351676452734,0.6362434066792301,0.031779831649159505,auroc,0.8032652348524533,,0.013530711803827573,5,,,0.7855072463768116,0.04433930011819813,results_v2\tables\mol_qsvm_bace_frac0.5_q8_d2_full_aggregated.json,5,0.7855072463768116,0.04433930011819813,0.6216867469879518,0.07411352529749252,bace,binary,,,,,,,,
0.6302631578947369,0.027411403494736405,,,,,0.6990745591059891,0.027476015318972372,,,0.6269774751178627,0.029087706210675957,,,quantum_descriptor,2,python molecule/quantum/descriptor/train_qsvm.py --dataset bace --n-qubits 2 --circuit-depth 2 --entanglement linear --max-kernel-samples 768 --seed 42,pure_quantum,1.0,molecule,0.09700507229521889,0.029694917456977495,linear,0.7662,0.02940340116381099,mol_qsvm_bace_q2,mol_qsvm_bace_q2_d2_linear,descriptor_global,descriptor importance / metrics,Descriptor tabanli yapilar icin kararlar descriptor uzayinda yorumlanir.,0.5913220633479652,0.03859856896509748,False,False,False,False,False,False,False,False,False,False,False,False,,,False,,,,,,,,,,,0.2541759902346591,0.05751937406918794,,,molecule,qsvm,qsvm,,,quantum,2,0.6197908657288694,0.01815308922402331,0.5923159325333238,0.02826335627416716,auroc,0.6990745591059891,,0.027476015318972372,3,,,0.5913043478260869,0.052173913043478244,results_v2\tables\mol_qsvm_bace_q2_d2_linear_aggregated.json,5,0.5913043478260869,0.052173913043478244,0.6626506024096386,0.022859838507241322,bace,binary,,,,,,,,
0.7710526315789473,0.011318849035582407,,,,,0.8263837960537803,0.013136958970695152,,,0.7656713811768815,0.01320471609466996,,,quantum_descriptor,2,python molecule/quantum/descriptor/train_qsvm.py --dataset bace --n-qubits 4 --circuit-depth 2 --entanglement linear --max-kernel-samples 512 --seed 42,pure_quantum,1.0,molecule,0.06260643819353512,0.019639722906442992,linear,0.5044000000000001,0.08092366773694827,mol_qsvm_bace_q4,mol_qsvm_bace_q4_d2_linear,descriptor_global,descriptor importance / metrics,Descriptor tabanli yapilar icin kararlar descriptor uzayinda yorumlanir.,0.7366636986419541,0.01909790594252605,False,False,False,False,False,False,False,False,False,False,False,False,,,False,,,,,,,,,,,0.5371299292335985,0.023272084585531788,,,molecule,qsvm,qsvm,,,quantum,4,0.7863042752509402,0.011604414295324035,0.7701602915604779,0.011992392467457678,auroc,0.8263837960537803,,0.013136958970695152,3,,,0.7072463768115942,0.038234510023979484,results_v2\tables\mol_qsvm_bace_q4_d2_linear_aggregated.json,5,0.7072463768115942,0.038234510023979484,0.8240963855421686,0.018032083791681666,bace,binary,,,,,,,,
0.7881578947368422,0.021780191259535335,,,,,0.8741400384145276,0.027359653576779348,,,0.7845119608870263,0.02186184660309891,,,quantum_descriptor,2,python molecule/quantum/descriptor/train_qsvm.py --dataset bace --n-qubits 6 --circuit-depth 2 --entanglement linear --max-kernel-samples 384 --seed 42,pure_quantum,1.0,molecule,0.08626328266181994,0.01581584833850869,linear,0.689,0.04078234912311942,mol_qsvm_bace_q6,mol_qsvm_bace_q6_d2_linear,descriptor_global,descriptor importance / metrics,Descriptor tabanli yapilar icin kararlar descriptor uzayinda yorumlanir.,0.7608914627479753,0.026882989061020216,False,False,False,False,False,False,False,False,False,False,False,False,,,False,,,,,,,,,,,0.5745639966463073,0.04383518348625465,,,molecule,qsvm,qsvm,,,quantum,6,0.8323286379981294,0.05525799942961271,0.7828592108063395,0.043417800390315814,auroc,0.8741400384145276,,0.027359653576779348,3,,,0.7449275362318841,0.05694748609967681,results_v2\tables\mol_qsvm_bace_q6_d2_linear_aggregated.json,5,0.744927536231884,0.05694748609967681,0.8240963855421686,0.05201694733716362,bace,binary,,,,,,,,
0.7736842105263158,0.022637698071164815,,,,,0.8486991444037016,0.014478651617964423,,,0.7705255805832023,0.021002619517842394,,,quantum_ablation,1,python molecule/quantum/descriptor/train_qsvm.py --dataset bace --n-qubits 8 --circuit-depth 1 --entanglement full --max-kernel-samples 256 --seed 42,pure_quantum,1.0,molecule,0.0792245868375352,0.013869467161171144,full,0.6426000000000001,0.022032702966272678,mol_qsvm_bace_q8_d1,mol_qsvm_bace_q8_d1_full,descriptor_global,descriptor importance / metrics,Descriptor tabanli yapilar icin kararlar descriptor uzayinda yorumlanir.,0.7474728194236675,0.019898216583019022,False,False,False,False,False,False,False,False,False,False,False,False,,,False,,,,,,,,,,,0.543353257064668,0.04507939203735791,,,molecule,qsvm,qsvm,,,quantum,8,0.833008495054638,0.01526525862027722,0.7600816123766944,0.038769853666960875,auroc,0.8486991444037016,,0.014478651617964423,4,,,0.736231884057971,0.01084538372977954,results_v2\tables\mol_qsvm_bace_q8_d1_full_aggregated.json,5,0.736231884057971,0.01084538372977954,0.8048192771084338,0.03988661531866711,bace,binary,,,,,,,,
0.7657894736842106,0.021052631578947396,,,,,0.8294394971189105,0.014517409671262393,,,0.7632966649205517,0.02107962086559541,,,quantum_ablation,2,python molecule/quantum/descriptor/train_qsvm.py --dataset bace --n-qubits 8 --circuit-depth 2 --entanglement linear --max-kernel-samples 256 --seed 42,pure_quantum,1.0,molecule,0.060760729196171905,0.024620203954135896,linear,0.5912,0.058887689715253745,mol_qsvm_bace_q8_linear,mol_qsvm_bace_q8_d2_linear,descriptor_global,descriptor importance / metrics,Descriptor tabanli yapilar icin kararlar descriptor uzayinda yorumlanir.,0.7405485931787734,0.02287582128330829,False,False,False,False,False,False,False,False,False,False,False,False,,,False,,,,,,,,,,,0.5272397763929939,0.04242188661545192,,,molecule,qsvm,qsvm,,,quantum,8,0.787493689822403,0.03525702726537143,0.7450618350106841,0.02496142482495544,auroc,0.8294394971189105,,0.014517409671262393,4,,,0.736231884057971,0.023188405797101422,results_v2\tables\mol_qsvm_bace_q8_d2_linear_aggregated.json,5,0.736231884057971,0.023188405797101422,0.7903614457831326,0.022346068663845062,bace,binary,,,,,,,,
0.7833333333333333,0.00843365222259078,,,,,0.785897435897436,0.033289752253548514,,,0.5424679487179487,0.020876434704464195,,,quantum_descriptor,2,python molecule/quantum/descriptor/train_qsvm.py --dataset bbbp --n-qubits 2 --circuit-depth 2 --entanglement linear --max-kernel-samples 768 --seed 42,pure_quantum,1.0,molecule,0.08720242426850955,0.025275578952124397,linear,0.6954,0.012768711759609865,mol_qsvm_bbbp_q2,mol_qsvm_bbbp_q2_d2_linear,descriptor_global,descriptor importance / metrics,Descriptor tabanli yapilar icin kararlar descriptor uzayinda yorumlanir.,0.875660728235718,0.003959044639509509,False,False,False,False,False,False,False,False,False,False,False,False,,,False,,,,,,,,,,,0.23654963811950486,0.06153710823213314,,,molecule,qsvm,qsvm,,,quantum,2,0.9028454214187203,0.024764987514351678,0.7804421332752961,0.007876751218004997,auroc,0.785897435897436,,0.033289752253548514,3,,,0.9974358974358974,0.0031403714651066276,results_v2\tables\mol_qsvm_bbbp_q2_d2_linear_aggregated.json,5,0.9974358974358974,0.0031403714651066276,0.0875,0.04448782605013046,bbbp,binary,,,,,,,,
0.872549019607843,0.012782749814122828,,,,,0.8275373931623932,0.027590773181561543,,,0.7392628205128206,0.02387551611085087,,,quantum_descriptor,2,python molecule/quantum/descriptor/train_qsvm.py --dataset bbbp --n-qubits 4 --circuit-depth 2 --entanglement linear --max-kernel-samples 512 --seed 42,pure_quantum,1.0,molecule,0.051725405145703965,0.014059560195060416,linear,0.7508,0.018026646942790017,mol_qsvm_bbbp_q4,mol_qsvm_bbbp_q4_d2_linear,descriptor_global,descriptor importance / metrics,Descriptor tabanli yapilar icin kararlar descriptor uzayinda yorumlanir.,0.9224714096102204,0.007374817345671589,False,False,False,False,False,False,False,False,False,False,False,False,,,False,,,,,,,,,,,0.6203300355621353,0.04410799933904034,,,molecule,qsvm,qsvm,,,quantum,4,0.9234525544131216,0.015372552374077053,0.8628247841924195,0.010674022011071814,auroc,0.8275373931623932,,0.027590773181561543,3,,,0.9910256410256411,0.0031403714651066276,results_v2\tables\mol_qsvm_bbbp_q4_d2_linear_aggregated.json,5,0.9910256410256411,0.0031403714651066276,0.48749999999999993,0.04487637339278753,bbbp,binary,,,,,,,,
0.85,0.017701441260066446,,,,,0.8522435897435898,0.035768626053052935,,,0.6985576923076924,0.04551225622618767,,,quantum_descriptor,2,python molecule/quantum/descriptor/train_qsvm.py --dataset bbbp --n-qubits 6 --circuit-depth 2 --entanglement linear --max-kernel-samples 384 --seed 42,pure_quantum,1.0,molecule,0.0682961714738351,0.00888992489222063,linear,0.8402,0.022675096471680103,mol_qsvm_bbbp_q6,mol_qsvm_bbbp_q6_d2_linear,descriptor_global,descriptor importance / metrics,Descriptor tabanli yapilar icin kararlar descriptor uzayinda yorumlanir.,0.9095502763550088,0.00937702413357637,False,False,False,False,False,False,False,False,False,False,False,False,,,False,,,,,,,,,,,0.5422095030743919,0.061733380327473594,,,molecule,qsvm,qsvm,,,quantum,6,0.9259568427176857,0.032707234333157344,0.8456025940735673,0.021291164082494245,auroc,0.8522435897435898,,0.035768626053052935,3,,,0.9846153846153847,0.012561485860426564,results_v2\tables\mol_qsvm_bbbp_q6_d2_linear_aggregated.json,5,0.9846153846153847,0.012561485860426564,0.4125,0.09982623792259117,bbbp,binary,,,,,,,,
0.8411764705882353,0.010559146680655853,,,,,0.8475560897435898,0.02615428748807151,,,0.6697115384615385,0.019870502439360605,,,quantum_descriptor,2,python molecule/quantum/descriptor/train_qsvm.py --dataset bbbp --n-qubits 8 --circuit-depth 2 --entanglement linear --max-kernel-samples 256 --seed 42,pure_quantum,1.0,molecule,0.08596886435610437,0.01408891963238369,linear,0.8178000000000001,0.03752012793155161,mol_qsvm_bbbp_q8,mol_qsvm_bbbp_q8_d2_linear,descriptor_global,descriptor importance / metrics,Descriptor tabanli yapilar icin kararlar descriptor uzayinda yorumlanir.,0.9053932347181135,0.005956345217671465,False,False,False,False,False,False,False,False,False,False,False,False,,,False,,,,,,,,,,,0.5125091086627214,0.0422940664137781,,,molecule,qsvm,qsvm,,,quantum,8,0.9230298805547201,0.017981244711280313,0.8316199125730342,0.008405838460887409,auroc,0.8475560897435898,,0.02615428748807151,3,,,0.9935897435897436,0.005733507634614825,results_v2\tables\mol_qsvm_bbbp_q8_d2_linear_aggregated.json,5,0.9935897435897436,0.005733507634614825,0.3458333333333333,0.038640077064565424,bbbp,binary,,,,,,,,
0.6027027027027028,0.0966381577231412,,,,,0.6699402786994028,0.03413511439477384,,,0.6181818181818182,0.06574615995932216,,,quantum_descriptor,2,python molecule/quantum/descriptor/train_qsvm.py --dataset clintox --n-qubits 2 --circuit-depth 2 --entanglement linear --max-kernel-samples 768 --seed 42,pure_quantum,1.0,molecule,0.0205260056399534,0.008967753033410004,linear,0.45120000000000005,0.007909487973314082,mol_qsvm_clintox_q2,mol_qsvm_clintox_q2_d2_linear,descriptor_global,descriptor importance / metrics,Descriptor tabanli yapilar icin kararlar descriptor uzayinda yorumlanir.,0.18312888873097619,0.03957445195731819,False,False,False,False,False,False,False,False,False,False,False,False,,,False,,,,,,,,,,,0.1252205772564325,0.06871789536231007,,,molecule,qsvm,qsvm,,,quantum,2,0.17693069511563286,0.02488078081880427,0.10903479092312522,0.01740841365864492,auroc,0.6699402786994028,,0.03413511439477384,3,,,0.6363636363636364,0.24393468845452249,results_v2\tables\mol_qsvm_clintox_q2_d2_linear_aggregated.json,5,0.6363636363636364,0.2439346884545225,0.6,0.12295749891530257,clintox,binary,,,,,,,,
0.577027027027027,0.09880587248881574,,,,,0.6188453881884539,0.07749020411704777,,,0.5875912408759124,0.11090059526780363,,,quantum_descriptor,2,python molecule/quantum/descriptor/train_qsvm.py --dataset clintox --n-qubits 4 --circuit-depth 2 --entanglement linear --max-kernel-samples 512 --seed 42,pure_quantum,1.0,molecule,0.0374217370194692,0.01389145385690453,linear,0.458,0.014240786495134305,mol_qsvm_clintox_q4,mol_qsvm_clintox_q4_d2_linear,descriptor_global,descriptor importance / metrics,Descriptor tabanli yapilar icin kararlar descriptor uzayinda yorumlanir.,0.17024060507931477,0.06320255133443672,False,False,False,False,False,False,False,False,False,False,False,False,,,False,,,,,,,,,,,0.09160805136503825,0.11832399431836631,,,molecule,qsvm,qsvm,,,quantum,4,0.14647277089814553,0.04872963865551765,0.10005714823469032,0.03571845317254213,auroc,0.6188453881884539,,0.07749020411704777,3,,,0.6,0.2479669399451974,results_v2\tables\mol_qsvm_clintox_q4_d2_linear_aggregated.json,5,0.6000000000000001,0.2479669399451974,0.5751824817518247,0.11414900906466925,clintox,binary,,,,,,,,
0.5702702702702702,0.2721086127839493,,,,,0.7053749170537491,0.04530973401644725,,,0.5923025879230258,0.05071055652590981,,,quantum_descriptor,2,python molecule/quantum/descriptor/train_qsvm.py --dataset clintox --n-qubits 6 --circuit-depth 2 --entanglement linear --max-kernel-samples 384 --seed 42,pure_quantum,1.0,molecule,0.021151765408604323,0.011017953881236405,linear,0.47779999999999995,0.013362634470792056,mol_qsvm_clintox_q6,mol_qsvm_clintox_q6_d2_linear,descriptor_global,descriptor importance / metrics,Descriptor tabanli yapilar icin kararlar descriptor uzayinda yorumlanir.,0.19891115552629532,0.044137497267688744,False,False,False,False,False,False,False,False,False,False,False,False,,,False,,,,,,,,,,,0.11975590706233408,0.07149528538681722,,,molecule,qsvm,qsvm,,,quantum,6,0.19421190597448268,0.03105511520900618,0.1393093093093093,0.06893265888745168,auroc,0.7053749170537491,,0.04530973401644725,3,,,0.6181818181818182,0.2466301812045552,results_v2\tables\mol_qsvm_clintox_q6_d2_linear_aggregated.json,5,0.6181818181818182,0.2466301812045552,0.5664233576642336,0.3129540231032068,clintox,binary,,,,,,,,
0.44324324324324327,0.36057538629778707,,,,,0.6301260783012608,0.15044383326921576,,,0.5654943596549435,0.05973147447072527,,,quantum_descriptor,2,python molecule/quantum/descriptor/train_qsvm.py --dataset clintox --n-qubits 8 --circuit-depth 2 --entanglement linear --max-kernel-samples 256 --seed 42,pure_quantum,1.0,molecule,0.031406791027998766,0.02168978810851473,linear,0.497,0.008099382692526642,mol_qsvm_clintox_q8,mol_qsvm_clintox_q8_d2_linear,descriptor_global,descriptor importance / metrics,Descriptor tabanli yapilar icin kararlar descriptor uzayinda yorumlanir.,0.18533528291915422,0.05799254565403459,False,False,False,False,False,False,False,False,False,False,False,False,,,False,,,,,,,,,,,0.10435481954706034,0.08627063655133153,,,molecule,qsvm,qsvm,,,quantum,8,0.17420595086411778,0.07411046006642623,0.13280704173561317,0.06761493315627878,auroc,0.6301260783012608,,0.15044383326921576,3,,,0.7090909090909091,0.36089878620507654,results_v2\tables\mol_qsvm_clintox_q8_d2_linear_aggregated.json,5,0.7090909090909091,0.36089878620507654,0.4218978102189781,0.4173599822541076,clintox,binary,,,,,,,,
0.8552631578947368,0.0,,,,,0.9631569757290028,1.1102230246251565e-16,,,0.8576916361096562,1.1102230246251565e-16,,,classical_descriptor,,python molecule/classical/train_descriptor.py --model svm --dataset bace --epochs 100 --patience 15 --use-amp --num-workers 0 --seed 42,classical,1.0,molecule,0.09553853646653622,0.0,,,,mol_svm_bace,mol_svm_bace,descriptor_global,descriptor importance / metrics,Descriptor tabanli yapilar icin kararlar descriptor uzayinda yorumlanir.,0.8472222222222221,1.1102230246251565e-16,True,True,False,False,False,False,True,False,False,True,False,False,,,False,,,,,,,,,,,0.7124040473137474,0.0,,,molecule,svm,svm,,,classical,,0.9624017666096508,0.0,0.8133333333333332,1.1102230246251565e-16,auroc,0.9631569757290028,,1.1102230246251565e-16,1,,,0.8840579710144928,0.0,results_v2\tables\mol_svm_bace_aggregated.json,5,0.8840579710144928,0.0,0.8313253012048193,0.0,bace,binary,0.6107686996459961,0.00679081112149542,,,,,,
0.9509803921568627,0.0,,,,,0.9706196581196581,0.0,,,0.9030448717948719,1.1102230246251565e-16,,,classical_descriptor,,python molecule/classical/train_descriptor.py --model svm --dataset bbbp --epochs 100 --patience 15 --use-amp --num-workers 0 --seed 42,classical,1.0,molecule,0.06993573368034263,0.0,,,,mol_svm_bbbp,mol_svm_bbbp,descriptor_global,descriptor importance / metrics,Descriptor tabanli yapilar icin kararlar descriptor uzayinda yorumlanir.,0.96875,0.0,True,True,False,False,False,False,True,False,False,True,False,False,,,False,,,,,,,,,,,0.8612205685710433,0.0,,,molecule,svm,svm,,,classical,,0.9892264345671042,0.0,0.9451219512195121,0.0,auroc,0.9706196581196581,,0.0,1,,,0.9935897435897436,0.0,results_v2\tables\mol_svm_bbbp_aggregated.json,5,0.9935897435897436,0.0,0.8125,0.0,bbbp,binary,1.222005271911621,0.13702932669681128,,,,,,
0.7635135135135135,0.0,,,,,0.7571333775713338,0.0,,,0.6214333112143331,0.0,,,classical_descriptor,,python molecule/classical/train_descriptor.py --model svm --dataset clintox --epochs 100 --patience 15 --use-amp --num-workers 0 --seed 42,classical,1.0,molecule,0.04286020348366106,0.0,,,,mol_svm_clintox,mol_svm_clintox,descriptor_global,descriptor importance / metrics,Descriptor tabanli yapilar icin kararlar descriptor uzayinda yorumlanir.,0.22222222222222224,2.7755575615628914e-17,True,True,False,False,False,False,True,False,False,True,False,False,,,False,,,,,,,,,,,0.15143720136375488,0.0,,,molecule,svm,svm,,,classical,,0.27155248811875315,0.0,0.14705882352941177,0.0,auroc,0.7571333775713338,,0.0,1,,,0.4545454545454545,5.551115123125783e-17,results_v2\tables\mol_svm_clintox_aggregated.json,5,0.4545454545454545,5.551115123125783e-17,0.7883211678832117,0.0,clintox,binary,0.5396839618682862,0.01660219371077563,,,,,,
0.5302631578947368,0.015898744702098122,,,,,0.5292648856294744,0.010151732397263889,,,0.5300331761829928,0.020314078850840002,,,quantum_descriptor,2,python molecule/quantum/descriptor/train_vqc.py --dataset bace --n-qubits 2 --circuit-depth 2 --entanglement linear --maxiter 200 --max-samples 2000 --seed 42,pure_quantum,1.0,molecule,0.10871710526315788,0.015412395609458613,linear,0.21459999999999999,0.003136877428271627,mol_vqc_bace_q2,mol_vqc_bace_q2_d2_linear,descriptor_global,descriptor importance / metrics,Descriptor tabanli yapilar icin kararlar descriptor uzayinda yorumlanir.,0.5018306631289692,0.04704085810502294,False,False,False,False,False,False,False,False,False,False,False,False,,,False,,,,,,,,,,,0.06018960358772942,0.04063594886372368,,,molecule,vqc,vqc,,,quantum,2,0.5150555815257347,0.009658547712099978,0.48238946780067715,0.01893263224920454,auroc,0.5292648856294744,,0.010151732397263889,3,,,0.527536231884058,0.08229025835697619,results_v2\tables\mol_vqc_bace_q2_d2_linear_aggregated.json,5,0.527536231884058,0.08229025835697619,0.5325301204819277,0.05019919676144497,bace,binary,,,,,,,,
0.6026315789473684,0.02747449081292249,,,,,0.6190850357953553,0.037817881873683915,,,0.5914091147197486,0.02579538316960988,,,quantum_descriptor,2,python molecule/quantum/descriptor/train_vqc.py --dataset bace --n-qubits 4 --circuit-depth 2 --entanglement linear --maxiter 200 --max-samples 1000 --seed 42,pure_quantum,1.0,molecule,0.05347450657894738,0.006367952035007609,linear,0.23739999999999997,0.0018547236990991425,mol_vqc_bace_q4,mol_vqc_bace_q4_d2_linear,descriptor_global,descriptor importance / metrics,Descriptor tabanli yapilar icin kararlar descriptor uzayinda yorumlanir.,0.5159749752023849,0.03848453298913948,False,False,False,False,False,False,False,False,False,False,False,False,,,False,,,,,,,,,,,0.190374087297181,0.05312651697548167,,,molecule,vqc,vqc,,,quantum,4,0.5927118658942339,0.026349104996041987,0.5805321733452404,0.03870367388417999,auroc,0.6190850357953553,,0.037817881873683915,3,,,0.4695652173913043,0.058404178781477925,results_v2\tables\mol_vqc_bace_q4_d2_linear_aggregated.json,5,0.4695652173913044,0.058404178781477925,0.7132530120481928,0.06874863912138363,bace,binary,,,,,,,,
0.6157894736842106,0.04336120277180021,,,,,0.6413829229963331,0.049030446072987274,,,0.6039462196612537,0.043830426405434414,,,quantum_descriptor,2,python molecule/quantum/descriptor/train_vqc.py --dataset bace --n-qubits 6 --circuit-depth 2 --entanglement linear --maxiter 200 --max-samples 700 --seed 42,pure_quantum,1.0,molecule,0.0754163240131579,0.026870997285081733,linear,0.2576,0.0025768197453450276,mol_vqc_bace_q6,mol_vqc_bace_q6_d2_linear,descriptor_global,descriptor importance / metrics,Descriptor tabanli yapilar icin kararlar descriptor uzayinda yorumlanir.,0.5277999170006182,0.056919362155368504,False,False,False,False,False,False,False,False,False,False,False,False,,,False,,,,,,,,,,,0.21618562285644752,0.08912614243137715,,,molecule,vqc,vqc,,,quantum,6,0.6196496128831764,0.03659995268067709,0.5976998572765282,0.056618779368785815,auroc,0.6413829229963331,,0.049030446072987274,3,,,0.47536231884057967,0.065714690137708,results_v2\tables\mol_vqc_bace_q6_d2_linear_aggregated.json,5,0.47536231884057967,0.065714690137708,0.7325301204819278,0.05568298799176553,bace,binary,,,,,,,,
0.618421052631579,0.04614652083355311,,,,,0.6370001746114895,0.04630788876936441,,,0.605378033874629,0.046542953721457614,,,quantum_descriptor,2,python molecule/quantum/descriptor/train_vqc.py --dataset bace --n-qubits 8 --circuit-depth 2 --entanglement linear --maxiter 200 --max-samples 500 --seed 42,pure_quantum,1.0,molecule,0.07594572368421051,0.0074315289874634935,linear,0.2974,0.0035552777669262386,mol_vqc_bace_q8,mol_vqc_bace_q8_d2_linear,descriptor_global,descriptor importance / metrics,Descriptor tabanli yapilar icin kararlar descriptor uzayinda yorumlanir.,0.5245771663786276,0.05755052106052992,False,False,False,False,False,False,False,False,False,False,False,False,,,False,,,,,,,,,,,0.22019321698470376,0.09724632521640844,,,molecule,vqc,vqc,,,quantum,8,0.6116253287923377,0.03448693357405858,0.6037870235983444,0.0661800381400705,auroc,0.6370001746114895,,0.04630788876936441,3,,,0.463768115942029,0.051034251772924664,results_v2\tables\mol_vqc_bace_q8_d2_linear_aggregated.json,5,0.463768115942029,0.051034251772924664,0.746987951807229,0.042426064726889194,bace,binary,,,,,,,,
0.7549019607843137,0.010282439687942657,,,,,0.5695779914529915,0.013271576236649844,,,0.5296474358974359,0.01330224741631224,,,quantum_descriptor,2,python molecule/quantum/descriptor/train_vqc.py --dataset bbbp --n-qubits 2 --circuit-depth 2 --entanglement linear --maxiter 200 --max-samples 2000 --seed 42,pure_quantum,1.0,molecule,0.06876914828431373,0.012593112551802097,linear,0.2792,0.003187475490101822,mol_vqc_bbbp_q2,mol_vqc_bbbp_q2_d2_linear,descriptor_global,descriptor importance / metrics,Descriptor tabanli yapilar icin kararlar descriptor uzayinda yorumlanir.,0.856283162851871,0.006761233919293968,False,False,False,False,False,False,False,False,False,False,False,False,,,False,,,,,,,,,,,0.10754398526789503,0.048837016790201075,,,molecule,vqc,vqc,,,quantum,2,0.7962215492311943,0.02205551960428729,0.7760738068924602,0.005130620798238188,auroc,0.5695779914529915,,0.013271576236649844,3,,,0.9551282051282051,0.01461763365511714,results_v2\tables\mol_vqc_bbbp_q2_d2_linear_aggregated.json,5,0.9551282051282051,0.01461763365511714,0.10416666666666667,0.029462782549439483,bbbp,binary,,,,,,,,
0.7274509803921568,0.025300956667772448,,,,,0.6190037393162393,0.05563776418286539,,,0.5636217948717949,0.05526546344421753,,,quantum_descriptor,2,python molecule/quantum/descriptor/train_vqc.py --dataset bbbp --n-qubits 4 --circuit-depth 2 --entanglement linear --maxiter 200 --max-samples 1000 --seed 42,pure_quantum,1.0,molecule,0.08480775122549021,0.028963624214598752,linear,0.32999999999999996,0.03256378356395338,mol_vqc_bbbp_q4,mol_vqc_bbbp_q4_d2_linear,descriptor_global,descriptor importance / metrics,Descriptor tabanli yapilar icin kararlar descriptor uzayinda yorumlanir.,0.8306404784031359,0.013879179148418916,False,False,False,False,False,False,False,False,False,False,False,False,,,False,,,,,,,,,,,0.1419713564730712,0.10899016244880366,,,molecule,vqc,vqc,,,quantum,4,0.824648808777981,0.02491916140645289,0.7927932767754111,0.025871165777355175,auroc,0.6190037393162393,,0.05563776418286539,3,,,0.873076923076923,0.01691141789522171,results_v2\tables\mol_vqc_bbbp_q4_d2_linear_aggregated.json,5,0.873076923076923,0.01691141789522171,0.2541666666666667,0.11592023119369631,bbbp,binary,,,,,,,,
0.7411764705882353,0.04623461224530036,,,,,0.6282451923076923,0.07131417258871688,,,0.5913461538461539,0.06145159467285569,,,quantum_descriptor,2,python molecule/quantum/descriptor/train_vqc.py --dataset bbbp --n-qubits 6 --circuit-depth 2 --entanglement linear --maxiter 200 --max-samples 700 --seed 42,pure_quantum,1.0,molecule,0.08917738970588236,0.0383289679891137,linear,0.34859999999999997,0.001356465996625055,mol_vqc_bbbp_q6,mol_vqc_bbbp_q6_d2_linear,descriptor_global,descriptor importance / metrics,Descriptor tabanli yapilar icin kararlar descriptor uzayinda yorumlanir.,0.8370600917651118,0.03354929435319439,False,False,False,False,False,False,False,False,False,False,False,False,,,False,,,,,,,,,,,0.20700244629729786,0.13087964961558468,,,molecule,vqc,vqc,,,quantum,6,0.8339095051345083,0.03716763504581247,0.8050767757971107,0.027528373042482412,auroc,0.6282451923076923,,0.07131417258871688,3,,,0.8743589743589745,0.06007884366082042,results_v2\tables\mol_vqc_bbbp_q6_d2_linear_aggregated.json,5,0.8743589743589743,0.06007884366082042,0.30833333333333335,0.12801909579781015,bbbp,binary,,,,,,,,
0.7019607843137254,0.030909574059675385,,,,,0.5962339743589744,0.030934930067417137,,,0.5628205128205128,0.03311767639508145,,,quantum_descriptor,2,python molecule/quantum/descriptor/train_vqc.py --dataset bbbp --n-qubits 8 --circuit-depth 2 --entanglement linear --maxiter 200 --max-samples 500 --seed 42,pure_quantum,1.0,molecule,0.06896829044117647,0.020157170342336293,linear,0.3846,0.0033823069050575552,mol_vqc_bbbp_q8,mol_vqc_bbbp_q8_d2_linear,descriptor_global,descriptor importance / metrics,Descriptor tabanli yapilar icin kararlar descriptor uzayinda yorumlanir.,0.8078567942199314,0.027976609369562425,False,False,False,False,False,False,False,False,False,False,False,False,,,False,,,,,,,,,,,0.13360341578182638,0.06629007355634084,,,molecule,vqc,vqc,,,quantum,8,0.8122312020798894,0.023129499370160036,0.7943163029848519,0.017766110507560592,auroc,0.5962339743589744,,0.030934930067417137,3,,,0.8256410256410256,0.0646642062200948,results_v2\tables\mol_vqc_bbbp_q8_d2_linear_aggregated.json,5,0.8256410256410256,0.0646642062200948,0.3,0.11071108546322019,bbbp,binary,,,,,,,,
0.6094594594594595,0.06213277801390621,,,,,0.630258792302588,0.03534131743438149,,,0.6385534173855342,0.05320432973571652,,,quantum_descriptor,2,python molecule/quantum/descriptor/train_vqc.py --dataset clintox --n-qubits 2 --circuit-depth 2 --entanglement linear --maxiter 200 --max-samples 2000 --seed 42,pure_quantum,1.0,molecule,0.11525021114864868,0.027176431670310253,linear,0.2118,0.0029257477676655616,mol_vqc_clintox_q2,mol_vqc_clintox_q2_d2_linear,descriptor_global,descriptor importance / metrics,Descriptor tabanli yapilar icin kararlar descriptor uzayinda yorumlanir.,0.20737950356649235,0.034121544769005634,False,False,False,False,False,False,False,False,False,False,False,False,,,False,,,,,,,,,,,0.14960446619452578,0.058903066445751585,,,molecule,vqc,vqc,,,quantum,2,0.12117423997963787,0.0075452143122895,0.1230671943360421,0.022734986738815147,auroc,0.630258792302588,,0.03534131743438149,3,,,0.6727272727272727,0.07272727272727275,results_v2\tables\mol_vqc_clintox_q2_d2_linear_aggregated.json,5,0.6727272727272726,0.07272727272727275,0.6043795620437956,0.06583925421185216,clintox,binary,,,,,,,,
0.508108108108108,0.05045447216917425,,,,,0.583477106834771,0.04893737697801291,,,0.5503649635036496,0.05911488924431026,,,quantum_descriptor,2,python molecule/quantum/descriptor/train_vqc.py --dataset clintox --n-qubits 4 --circuit-depth 2 --entanglement linear --maxiter 200 --max-samples 1000 --seed 42,pure_quantum,1.0,molecule,0.10730574324324324,0.0463786384567056,linear,0.23280000000000003,0.001939071942966527,mol_vqc_clintox_q4,mol_vqc_clintox_q4_d2_linear,descriptor_global,descriptor importance / metrics,Descriptor tabanli yapilar icin kararlar descriptor uzayinda yorumlanir.,0.1533847095172358,0.028069658593792277,False,False,False,False,False,False,False,False,False,False,False,False,,,False,,,,,,,,,,,0.05298985444034269,0.06195837149735514,,,molecule,vqc,vqc,,,quantum,4,0.13114207780611004,0.024608066068624573,0.08806089491595456,0.016030311124639533,auroc,0.583477106834771,,0.04893737697801291,3,,,0.6,0.12331509060227763,results_v2\tables\mol_vqc_clintox_q4_d2_linear_aggregated.json,5,0.6,0.12331509060227763,0.5007299270072993,0.05684064915016578,clintox,binary,,,,,,,,
0.44324324324324327,0.0939748035173714,,,,,0.5779031187790311,0.06682627693790918,,,0.5571333775713339,0.06900311319133397,,,quantum_descriptor,2,python molecule/quantum/descriptor/train_vqc.py --dataset clintox --n-qubits 6 --circuit-depth 2 --entanglement linear --maxiter 200 --max-samples 700 --seed 42,pure_quantum,1.0,molecule,0.08781144425675676,0.022728683353934107,linear,0.2488,0.002785677655436826,mol_vqc_clintox_q6,mol_vqc_clintox_q6_d2_linear,descriptor_global,descriptor importance / metrics,Descriptor tabanli yapilar icin kararlar descriptor uzayinda yorumlanir.,0.15638615471007283,0.02900205752648657,False,False,False,False,False,False,False,False,False,False,False,False,,,False,,,,,,,,,,,0.060485130681527145,0.0743966494935061,,,molecule,vqc,vqc,,,quantum,6,0.10389738427207693,0.020628417122623754,0.08844430271804819,0.016568187840301278,auroc,0.5779031187790311,,0.06682627693790918,3,,,0.6909090909090909,0.14770978917519928,results_v2\tables\mol_vqc_clintox_q6_d2_linear_aggregated.json,5,0.6909090909090909,0.14770978917519928,0.4233576642335766,0.10627897648584698,clintox,binary,,,,,,,,
0.5648648648648649,0.17021663676962628,,,,,0.579163901791639,0.054937265021516454,,,0.5559389515593895,0.050333698690588555,,,quantum_descriptor,2,python molecule/quantum/descriptor/train_vqc.py --dataset clintox --n-qubits 8 --circuit-depth 2 --entanglement linear --maxiter 200 --max-samples 500 --seed 42,pure_quantum,1.0,molecule,0.10068095439189188,0.02437049333211042,linear,0.2948,0.0048744230427815805,mol_vqc_clintox_q8,mol_vqc_clintox_q8_d2_linear,descriptor_global,descriptor importance / metrics,Descriptor tabanli yapilar icin kararlar descriptor uzayinda yorumlanir.,0.1479587326253993,0.04773499287245662,False,False,False,False,False,False,False,False,False,False,False,False,,,False,,,,,,,,,,,0.06109796352437856,0.0618515934405614,,,molecule,vqc,vqc,,,quantum,8,0.1329727664256087,0.049909637078634925,0.08811592173338001,0.026866930306665777,auroc,0.579163901791639,,0.054937265021516454,3,,,0.5454545454545454,0.26967994498529685,results_v2\tables\mol_vqc_clintox_q8_d2_linear_aggregated.json,5,0.5454545454545454,0.26967994498529685,0.5664233576642336,0.20425439337100965,clintox,binary,,,,,,,,
